<?xml version="1.0" encoding="utf-8" ?>
<log4net>
  <root>
    <level value="INFO" />
    <appender-ref ref="LogFileAppender" />
  </root>
  <appender name="LogFileAppender" type="log4net.Appender.RollingFileAppender" >
    <file value = "${ScreenRecorderUserAppDataPath}\log\ApowerREC.log" />
    <encoding value="utf-8" />
    <appendToFile value="true" />
    <rollingStyle value="Size" />
    <maxSizeRollBackups value="3" />
    <maximumFileSize value="4MB" />
    <staticLogFileName value="true" />
    <layout type="log4net.Layout.PatternLayout">
      <ConversionPattern value="%d [%t] %L %-5p %c : %m%n" />
    </layout>
  </appender>
</log4net>